sex,race,incomeBefore,incomeAfter,binBefore,binAfter
male,white,714880.6861515023,811615.7163816395,45,52
male,white,518679.94119186647,588865.8068376025,29,34
male,white,739913.4005512567,840035.7658026249,47,55
male,white,649856.2588865957,737792.4223141753,39,46
male,white,589401.3566422585,669156.9846190221,34,41
male,white,516792.982187539,586723.5114675532,28,34
male,white,581716.6164258426,660432.3735660508,34,40
male,white,636048.6150788775,722116.3788321882,38,45
male,white,534277.958888339,606574.491030776,30,36
male,white,553867.7068298425,628815.0517526943,31,38
male,white,662091.6295150456,751683.4383818547,40,48
male,white,582969.2718431692,661854.5337161397,34,40
male,white,684681.8248616052,777330.4560374884,42,50
male,white,580677.9943814988,659253.2089992922,34,40
male,white,504110.82149539684,572325.2473448621,27,33
male,white,556421.5568558442,631714.4793894137,32,38
male,white,710558.429706096,806708.5880603965,44,52
male,white,551428.1860464312,626045.423971987,31,37
male,white,589795.3615323665,669604.3048045266,34,41
male,white,582056.1831751673,660817.8892413954,34,40
male,white,728499.5618748917,827077.4483750658,46,54
male,white,581973.2291320321,660723.7101616551,34,40
male,white,627759.6175891339,712705.7446298003,37,44
male,white,608027.5093384486,690303.559924245,36,43
male,white,600244.3262285222,681467.1850467824,35,42
male,white,612896.1577800312,695831.0160008636,36,43
male,white,526698.4317380995,597969.3300898746,29,35
male,white,611013.1025067561,693693.1526004227,36,43
male,white,557212.8914951002,632612.8945271829,32,38
male,white,614653.7030750924,697826.3858735671,36,43
male,white,481157.1875610541,546265.611925875,26,31
male,white,683308.1089783318,775770.8539635956,42,50
male,white,608920.9582451631,691317.907057299,36,43
male,white,647336.1981762613,734931.3562392836,39,46
male,white,642153.8314813708,729047.7307069323,39,46
male,white,648155.8458228855,735861.9155966453,39,46
male,white,656036.3276278548,744808.7552713951,40,47
male,white,613967.0173212006,697046.7803241791,36,43
male,white,507050.1382052972,575662.301602155,28,33
male,white,506306.27330487635,574817.7796340258,28,33
male,white,635626.3828074426,721637.011639734,38,45
male,white,583327.1382313352,662260.8252702784,34,40
male,white,787135.5976874705,893647.8973097011,50,59
male,white,651211.358441473,739330.888966451,39,47
male,white,551469.9609108191,626092.8516576746,31,37
male,white,679643.640933726,771610.5235549068,42,49
male,white,628385.0885621404,713415.8520388637,38,44
male,white,666291.3427962712,756451.4414477776,41,48
male,white,592572.0963538873,672756.7771891182,35,41
male,white,601415.0360702296,682796.3110467693,35,42
male,white,570113.8577809016,647259.5722132648,33,39
male,white,611376.0280059824,694105.1878459592,36,43
male,white,523516.63985943823,594356.989814074,29,35
male,white,563907.9442898814,640213.8972896183,32,39
male,white,610304.7366434394,692888.9332687869,36,43
male,white,629442.440866794,714616.2813760011,38,45
male,white,503125.3883889649,571206.4690478451,27,33
male,white,625749.7208794329,710423.8760753721,37,44
male,white,642679.7956830018,729644.8664535921,39,46
male,white,579696.9782014979,658139.445310977,34,40
male,white,541485.7164627954,614757.5759016096,30,36
male,white,582311.4956519157,661107.7496652836,34,40
male,white,690120.186409343,783504.7167064557,43,50
male,white,603308.7706108247,684946.2987937819,35,42
male,white,481855.8535724978,547058.818857289,26,31
male,white,556795.0130522861,632138.4703074564,32,38
male,white,734019.4378212821,833344.2536718842,46,54
male,white,591106.8990933482,671093.3148138025,34,41
male,white,618541.9312248407,702240.7547834364,37,44
male,white,604405.1486350467,686191.0346676022,36,42
male,white,644387.0384164734,731583.1270067248,39,46
male,white,641910.1000577869,728771.0184418105,39,46
male,white,608327.4655367938,690644.105094256,36,43
male,white,669132.9879575514,759677.6076010285,41,48
male,white,533934.966110416,606185.0857292195,30,36
male,white,640167.3875409729,726792.4884644577,39,46
male,white,500450.98500433145,568170.1752145371,27,33
male,white,583935.1535232164,662951.1149595239,34,40
male,white,555833.206438799,631046.5155536802,32,38
male,white,578880.9854450907,657213.0354101598,33,40
male,white,689174.1091132272,782430.6197035376,43,50
male,white,625638.9687833561,710298.1374122086,37,44
male,white,669005.5646913743,759532.9418862242,41,48
male,white,674366.3590891227,765619.1393032029,41,49
male,white,377183.2156239053,428222.2637790632,17,21
male,white,562394.0052777203,638495.0976077748,32,38
male,white,650879.2028061359,738953.7872498337,39,47
male,white,558537.4123562208,634116.6446891128,32,38
male,white,587677.2195559705,667199.5436312666,34,41
male,white,628755.6571854264,713836.5646479509,38,45
male,white,547510.8833500944,621598.0462546132,31,37
male,white,689713.1576886611,783042.6103534326,43,50
male,white,624751.8766224998,709291.0071965276,37,44
male,white,484746.3900541873,550340.4921249545,26,31
male,white,630870.090350989,716237.1151477102,38,45
male,white,584780.564279813,663910.9235963268,34,40
male,white,584813.097344675,663947.858916102,34,40
male,white,620304.0809947177,704241.3521915852,37,44
male,white,448188.34534445516,508835.5470042058,23,28
male,white,658799.3462728116,747945.6554567601,40,47
male,white,631175.4292222118,716583.7713541335,38,45
male,white,637755.896081661,724054.6828330955,38,45
male,white,575111.0151957715,652932.9266256988,33,40
male,white,617939.3458641511,701556.6297837389,37,44
male,white,544959.879813679,618701.8502840019,31,37
male,white,598960.5881363007,680009.7362283316,35,42
male,white,672963.8329129638,764026.8284333495,41,49
male,white,563530.961392065,639785.9024499172,32,38
male,white,652822.3356673133,741159.857716836,40,47
male,white,672727.922171538,763758.9951163869,41,49
male,white,552749.6136065555,627545.6622587848,31,37
male,white,657466.1556922153,746432.0624207403,40,47
male,white,497047.14617680357,564305.7414118504,27,32
male,white,617392.5799301243,700935.8774906154,37,43
male,white,522062.58170557435,592706.1738484589,29,35
male,white,613476.5780878112,696489.9766540565,36,43
male,white,591319.2023174786,671334.3461308889,35,41
male,white,720279.2099733956,817744.7486299393,45,53
male,white,609971.6271729113,692510.7486475019,36,43
male,white,552503.0813438492,627265.770155272,31,37
male,white,589372.8795543793,669124.6541161463,34,41
male,white,540646.5701205836,613804.8793567504,30,36
male,white,640790.6355950793,727500.0721573955,39,46
male,white,671257.6373454274,762089.7567448025,41,48
male,white,474216.9684314073,538386.267820109,25,30
male,white,597518.1810294443,678372.1478866357,35,42
male,white,579138.8806961479,657505.8280998954,34,40
male,white,589916.6103405217,669741.9605563151,34,41
male,white,578230.9017984123,656474.9848307726,33,40
male,white,582837.7426686587,661705.2064965583,34,40
male,white,607787.9471005917,690031.5810037585,36,43
male,white,617098.6276423483,700602.1486583123,37,43
male,white,466462.3457034714,529582.3180106869,24,29
male,white,588897.1472351594,668584.5474458316,34,41
male,white,649180.4341268318,737025.1474287715,39,46
male,white,583119.4994127587,662025.0895289831,34,40
male,white,589668.9054856194,669460.7371897349,34,41
male,white,506595.28939852485,575145.9043245319,28,33
male,white,609370.4427322212,691828.2141351557,36,43
male,white,561159.3441208546,637093.3666354183,32,38
male,white,579453.6662091468,657863.209232983,34,40
male,white,590678.5621130952,670607.0168457425,34,41
male,white,618203.8438176112,701856.9186293288,37,44
male,white,510027.12028495816,579042.1179687805,28,34
male,white,717353.5015226263,814423.1440514493,45,53
male,white,617979.1941955775,701601.8702450966,37,44
male,white,591231.1083094385,671234.3315650608,35,41
male,white,571303.7905038251,648610.5222641894,33,39
male,white,633472.0123202307,719191.1196465639,38,45
male,white,685854.8925139911,778662.2588984397,42,50
male,white,627216.4206142612,712089.0442342825,37,44
male,white,745889.9620821003,846821.0537007604,47,55
male,white,491580.46780174057,558099.3321864312,26,32
male,white,561274.1775252752,637223.7388745887,32,38
male,white,582704.8255278895,661554.3034962191,34,40
male,white,631729.7985401854,717213.1558932087,38,45
male,white,556609.632191964,631928.0043896209,32,38
male,white,548135.8050660614,622307.5300831909,31,37
male,white,613558.6581832316,696583.1635266854,36,43
male,white,657349.9576627376,746300.1409004593,40,47
male,white,638992.4625903212,725458.5769824573,38,45
male,white,578300.3037509165,656553.7780007255,33,40
male,white,533309.2430150384,605474.6920815111,30,36
male,white,514259.7784153791,583847.5238599562,28,34
male,white,549243.0710926251,623564.6272838615,31,37
male,white,525354.7267629387,596443.7998900146,29,35
male,white,597202.1069373355,678013.3038086435,35,42
male,white,525567.4560983708,596685.3149782199,29,35
male,white,639852.4913113298,726434.9816329562,38,46
male,white,536776.1103270451,609410.6831518281,30,36
male,white,502028.61651266087,569961.2860273249,27,33
male,white,497676.89445034234,565020.704910053,27,32
male,white,627897.8471790098,712862.6789403581,38,44
male,white,676557.6962232604,768107.0001342617,41,49
male,white,608042.3609173356,690320.4211642691,36,43
male,white,698832.7489735886,793396.2312543833,43,51
male,white,562804.7273411232,638961.3970730982,32,38
male,white,647990.5264133813,735674.2257715098,39,46
male,white,682344.2047137003,774676.5177122224,42,49
male,white,547691.5792800694,621803.1932945248,31,37
male,white,545684.9336550918,619525.0157496706,31,37
male,white,645115.7504505025,732410.445678206,39,46
male,white,589876.5240292891,669696.4499125974,34,41
male,white,677217.8198850828,768856.4493067869,42,49
male,white,574838.4868565907,652623.5207520707,33,40
male,white,658956.5935606513,748124.180870359,40,47
male,white,686583.010248008,779488.9028514125,42,50
male,white,587778.7634590109,667314.8280825139,34,41
male,white,597467.4670136856,678314.5714364282,35,42
male,white,634892.8293921478,720804.1964690463,38,45
male,white,548002.3807627715,622156.0512929603,31,37
male,white,584426.1693892085,663508.5732900564,34,40
male,white,617805.3911223792,701404.5487780382,37,44
male,white,494711.14686799154,561653.6432516736,27,32
male,white,567235.4777017802,643991.7003079386,33,39
male,white,617481.5171247042,701036.8493398906,37,43
male,white,555461.1847097488,630624.153209891,32,38
male,white,769120.0379300991,873194.5381383825,49,58
male,white,580841.926139018,659439.3234004701,34,40
male,white,426281.0228784444,483963.80608059274,21,26
male,white,568770.8363137239,645734.8180111792,33,39
male,white,592550.0216105063,672731.7153724959,35,41
male,white,644008.0949233184,731152.9062711209,39,46
male,white,624993.005742744,709564.7650241744,37,44
male,white,574578.2940527465,652328.1196131391,33,39
male,white,594135.7906151444,674532.0648177213,35,41
male,white,613115.8180134966,696080.3998507818,36,43
male,white,519852.0500722531,590196.521189047,29,34
male,white,560868.5411376761,636763.21326005,32,38
male,white,621849.1063380184,705995.444692785,37,44
male,white,630388.6055098432,715690.4775453192,38,45
male,white,519931.44452275854,590286.6590051497,29,34
male,white,602455.6129238756,683977.6949404487,35,42
male,white,677237.8215420019,768879.1575144973,42,49
male,white,543770.2653340606,617351.261539898,31,37
male,white,538038.5649283417,610843.9684754905,30,36
male,white,544041.6477100231,617659.3663827716,31,37
male,white,603148.538604191,684764.3847801982,35,42
male,white,708517.0559062946,804390.9830515834,44,52
male,white,652705.2914599956,741026.9755170359,40,47
male,white,572500.5403424301,649969.2118978653,33,39
male,white,686339.6411896455,779212.6019854438,42,50
male,white,613242.0016268352,696223.6581674763,36,43
male,white,599027.956618965,680086.2207667705,35,42
male,white,555219.0151529227,630349.2141576033,32,38
male,white,640276.8646463943,726916.7796099107,39,46
male,white,505937.6991428366,574399.3313693593,28,33
male,white,595347.204099622,675907.4023280009,35,41
male,white,622344.9699584615,706558.4067581054,37,44
male,white,520690.3101233982,591148.2115131861,29,34
male,white,610847.170414025,693504.767186015,36,43
male,white,495932.71413917723,563040.5085218056,27,32
male,white,552064.3619100312,626767.684818143,31,37
male,white,573720.8065889076,651354.6000934016,33,39
male,white,673818.7827300673,764997.4669213108,41,49
male,white,727500.307233716,825942.9782639602,46,54
male,white,560763.263672181,636643.690034382,32,38
male,white,582634.0878721863,661473.9938806135,34,40
male,white,594450.6163404552,674889.4916045031,35,41
male,white,576950.2076612335,655020.9918641871,33,40
male,white,636100.5017063825,722175.286567659,38,45
male,white,668563.196698436,759030.714280348,41,48
male,white,684529.0916026303,777157.0554745699,42,50
male,white,608131.0346929206,690421.0939496581,36,43
male,white,489115.68944875937,555301.0290745565,26,32
male,white,613637.4898851592,696672.6624451384,36,43
male,white,635826.778917377,721864.5246156408,38,45
male,white,684401.9136199929,777012.6682341733,42,50
male,white,579104.4417522636,657466.7290045448,34,40
male,white,502499.7710501871,570496.1954673314,27,33
male,white,504596.3164159518,572876.4376558875,27,33
male,white,517946.47876066586,588033.0949626425,29,34
male,white,659952.5724271967,749254.9319410361,40,47
male,white,585978.4695248388,665270.924981779,34,41
male,white,577335.7615681475,655458.717510474,33,40
male,white,501868.77130979934,569779.8111583798,27,33
male,white,543282.2221875397,616797.178186323,31,37
male,white,595487.6778075286,676066.8844224035,35,41
male,white,592741.8415928067,672949.4917306588,35,41
male,white,647827.2807301965,735488.890281727,39,46
male,white,731908.4448082362,830947.6088334519,46,54
male,white,627510.888610508,712423.3585588334,37,44
male,white,552207.3113862757,626929.9776927668,31,37
male,white,681212.2786192864,773391.4235338434,42,49
male,white,673722.9198971317,764888.6322817205,41,49
male,white,635469.3985243221,721458.7848196875,38,45
male,white,522481.4141173059,593181.681124675,29,35
male,white,533821.4427011303,606056.2007489166,30,36
male,white,592607.6513384437,672797.1433436678,35,41
male,white,562746.5401454923,638895.3361997511,32,38
male,white,568876.1484594943,645854.3806099301,33,39
male,white,573455.8493463718,651053.7898094241,33,39
male,white,656618.66723954,745469.8949416522,40,47
male,white,530366.2222939994,602133.4325998892,30,35
male,white,536586.4274813178,609195.3331197143,30,36
male,white,545979.2641252535,619859.1739386115,31,37
male,white,567987.0020908754,644844.9182186328,33,39
male,white,643372.4955695227,730431.2999459596,39,46
male,white,643652.0860452888,730748.7235785716,39,46
male,white,656592.3405770923,745440.0058518832,40,47
male,white,617638.837211006,701215.4574027724,37,43
male,white,560467.1767607454,636307.5377289816,32,38
male,white,680998.7506950112,773149.0017946843,42,49
male,white,563298.3800438915,639521.84904748,32,38
male,white,602419.4987910547,683936.6939757442,35,42
male,white,522212.14150575956,592875.9715317936,29,35
male,white,603723.0542550705,685416.6417799938,36,42
male,white,531905.9910271284,603881.557185725,30,36
male,white,606952.9814575185,689083.6308748984,36,42
male,white,666060.9111315539,756189.8286160709,41,48
male,white,592832.5198749386,673052.4402650625,35,41
male,white,664128.5840272132,753996.0261012539,40,48
male,white,521212.65293462214,591741.2358361826,29,35
male,white,708702.253891604,804601.2413484309,44,52
male,white,607444.1785334058,689641.2949359837,36,43
male,white,674685.2229467563,765981.15064755,41,49
male,white,622789.32102217,707062.8857766088,37,44
male,white,587152.0066510456,666603.2608440252,34,41
male,white,493163.7551399033,559896.8641551834,27,32
male,white,534094.0554384987,606365.7024411854,30,36
male,black,261222.05896172582,303319.5361353878,8,11
male,black,234694.85434999887,272517.3158719893,5,8
male,black,244073.84887660496,283407.79074434045,6,9
male,black,309323.36938350694,359172.65674330964,11,16
male,black,246146.0939928703,285813.9903965548,6,10
male,black,260626.67151130797,302628.1984819011,8,11
male,black,245410.599709952,284959.9668672567,6,10
male,black,241281.52385205618,280165.4660549486,6,9
male,black,242669.6595140726,281777.3079750734,6,9
male,black,258246.75576016816,299864.745255377,7,11
male,black,227449.88595333803,264104.77804066974,5,8
male,black,255544.48785944725,296726.99092705554,7,10
male,black,228104.3800442651,264864.7477187758,5,8
male,black,228831.96185625615,265709.583635738,5,8
male,black,251409.6224045648,291925.76749002206,7,10
male,black,276091.8300754517,320585.65866187616,9,12
male,black,228940.41520216584,265835.5148786981,5,8
male,black,201175.69408560297,233596.345018858,3,5
male,black,281669.47127297806,327062.1696712745,9,13
male,black,234877.57791659,272729.48642021837,5,9
male,black,216731.989391054,251659.62916411416,4,7
male,black,214822.10908679024,249441.96037202998,4,7
male,black,231171.87077537522,268426.5826930429,5,8
male,black,260257.80859570598,302199.89112951804,7,11
male,black,258369.1408716382,300006.85345017695,7,11
male,black,256711.6321944329,298082.22746296675,7,11
male,black,231554.66275284035,268871.0638578517,5,8
male,black,275312.89193420444,319681.19003996736,9,12
male,black,253239.50976498553,294050.5520030487,7,10
male,black,174676.27146007377,202826.38397277033,0,3
male,black,271664.8146313089,315445.20353982865,8,12
male,black,221474.78874804924,257166.75864109982,4,7
male,black,195167.22643630838,226619.5773311967,2,5
male,black,208259.66880367885,241821.94408970987,3,6
male,black,229442.80407291072,266418.8666822923,5,8
male,black,233263.6049387251,270855.4121673515,5,8
male,black,229231.35790831354,266173.34471979755,5,8
male,black,227198.58021141856,263812.97289461835,5,8
male,black,230723.22529388932,267905.63534321176,5,8
male,black,261838.75723149523,304035.61897259316,8,11
male,black,230615.04035397375,267780.01576145645,5,8
male,black,248714.01365123986,288795.7454700179,7,10
male,black,267806.00723144907,310964.526543355,8,12
male,black,285148.1975500302,331101.5132278309,10,13
male,black,230775.74332736738,267966.61696787475,5,8
male,black,286754.1360477048,332966.2581965855,10,13
male,black,220218.83885602417,255708.40500828452,4,7
male,black,241168.7626877495,280034.53276322153,6,9
male,black,253312.3806896525,294135.16650748835,7,10
male,black,229907.17524861443,266958.074014816,5,8
male,black,231881.00524447704,269249.9983688878,5,8
male,black,219314.06660687196,254657.823369001,4,7
male,black,249109.26774711983,289254.6970972061,7,10
male,black,218643.6714987994,253879.3901309497,4,7
male,black,223098.08126956265,259051.6543371009,4,7
male,black,223736.047214229,259792.4322605868,5,7
male,black,256736.2698295275,298110.8355984285,7,11
male,black,271529.2553748711,315287.79810881335,8,12
male,black,207643.1310376923,241106.04762241963,3,6
male,black,247078.97080785639,286897.2058183982,6,10
male,black,243488.33682430987,282727.91996769275,6,9
male,black,214030.31891036668,248522.56853359207,4,7
male,black,221700.20676945272,257428.50410762138,4,7
male,black,250068.6574139417,290368.69807350234,7,10
male,black,205292.86871259692,238377.0266466342,3,6
male,black,268842.22770929197,312167.74006951187,8,12
male,black,216404.00663234806,251278.79004728573,4,7
male,black,252898.82005361922,293654.9581331111,7,10
male,black,272527.65452479786,316447.09517674637,8,12
male,black,258768.7236665373,300470.83137178974,7,11
male,black,233282.17956445075,270876.98020368576,5,8
male,black,218308.4104338709,253490.09976587654,4,7
male,black,265988.89685184916,308854.57809704944,8,11
male,black,193336.8288489559,224494.2003651556,2,5
male,black,199811.2306423527,232011.99023532492,3,5
male,black,277549.9357253369,322278.7466465488,9,13
male,black,232905.8314419075,270439.98135906685,5,8
male,black,276968.00250577123,321603.0314526559,9,12
male,black,221433.05733813808,257118.30196808057,4,7
male,black,266405.2061446683,309337.97809048276,8,11
male,black,230607.24861205692,267770.9683343238,5,8
male,black,198865.31997347585,230913.6404770785,2,5
male,black,244138.97156542234,283483.40833897423,6,9
male,black,232469.19037636367,269932.9730076863,5,8
male,black,244643.18914301432,284068.8835563215,6,9
male,black,265503.395443714,308290.8352703756,8,11
male,black,254435.6200590984,295439.42253342853,7,10
male,black,214182.98243921952,248699.83469151336,4,7
male,black,244573.26598891505,283987.6918730815,6,9
male,black,231161.78359680774,268414.86990609,5,8
male,black,263007.7958191425,305393.055031167,8,11
male,black,268254.59563270904,311485.4076141448,8,12
male,black,205337.2088813795,238428.5124954203,3,6
male,black,219091.82776748273,254399.7694284466,4,7
male,black,234176.57893053722,271915.5173085513,5,8
male,black,257151.22022425407,298592.6576993181,7,11
male,black,249544.40012564886,289759.9536277514,7,10
male,black,242008.3996481998,281009.4821774409,6,9
male,black,236841.31266359688,275009.68861647445,6,9
male,black,290366.0982921492,337160.3094833643,10,14
male,hispanic,460017.119013483,526770.5247996729,24,29
male,hispanic,448797.0621806857,513922.31767475157,23,28
male,hispanic,390875.17453389725,447595.3444122802,18,23
male,hispanic,356203.1613858627,407892.05119349883,15,20
male,hispanic,390962.2970205622,447695.10930390155,18,23
male,hispanic,330956.0550201174,378981.3195701242,13,17
male,hispanic,409443.82549131993,468858.50529342296,20,25
male,hispanic,468542.5240124308,536533.0572790215,24,30
male,hispanic,411753.9980784493,471503.9086399542,20,25
male,hispanic,439707.03018912784,503513.22478510544,22,27
male,hispanic,410218.34169749444,469745.4120878208,20,25
male,hispanic,406496.8746817597,465483.9203913655,19,24
male,hispanic,452676.0583412092,518364.1976803411,23,29
male,hispanic,478561.56263088656,548005.9655967605,25,31
male,hispanic,474787.24023517215,543683.9486391799,25,31
male,hispanic,437168.70675820485,500606.5634663135,22,27
male,hispanic,492606.8207006727,564089.3408855641,26,32
male,hispanic,525840.5589101171,602145.6500837678,29,35
male,hispanic,447376.15045280196,512295.21645252645,23,28
male,hispanic,472977.5351595518,541611.6359946819,25,30
male,hispanic,489556.73349846044,560596.6533968034,26,32
male,hispanic,401968.65205171995,460298.604209326,19,24
male,hispanic,373459.46973736223,427652.4345155768,17,21
male,hispanic,370936.01739760535,424762.802242388,17,21
male,hispanic,422448.8488824296,483750.6967219903,21,26
male,hispanic,415254.47128676774,475512.33796307916,20,25
male,hispanic,401460.1176329604,459716.27600549057,19,24
male,hispanic,444945.74441807426,509512.132498748,23,28
male,hispanic,437126.524730558,500558.26037514093,22,27
male,hispanic,445369.8230917066,509997.749525229,23,28
male,hispanic,429721.03992845607,492078.160495456,21,26
male,hispanic,474438.5339321725,543284.6413207349,25,31
male,hispanic,443558.1258003272,507923.1555731502,22,28
male,hispanic,426209.78901111084,488057.38950241165,21,26
male,hispanic,484992.5965475678,555370.2113417006,26,32
male,hispanic,468046.8247733491,535965.4267767614,24,30
male,hispanic,421570.77715014585,482745.207386683,21,26
male,hispanic,409282.7569694346,468674.064005707,20,25
male,hispanic,458542.1544240187,525081.5270673292,24,29
male,hispanic,431526.1014512797,494145.1557579642,21,27
male,hispanic,352835.93495626753,404036.20418232447,15,19
male,hispanic,462984.80434461887,530168.8530242295,24,30
male,hispanic,411640.6997696807,471374.1695343815,20,25
male,hispanic,408422.13231813436,467688.5535095037,20,24
male,hispanic,483643.41575333517,553825.2499790633,26,31
male,hispanic,429838.36033666227,492212.50535012805,21,26
male,hispanic,418411.0006707576,479126.91353304003,20,25
male,hispanic,374649.94659932004,429015.6623073604,17,21
male,hispanic,465009.21630801755,532487.0288231154,24,30
male,hispanic,498826.9679548733,571212.0980569781,27,33
male,hispanic,516976.7584396729,591995.6173294462,28,35
male,hispanic,475403.8802646937,544390.069734543,25,31
male,hispanic,404730.2679530785,463460.9601250656,19,24
male,hispanic,416361.736976619,476780.2797513901,20,25
male,hispanic,385505.07496331906,441445.9859382164,18,22
male,hispanic,472663.9168542896,541252.5083178597,25,30
male,hispanic,474728.52090250544,543616.7085030931,25,31
male,hispanic,449410.8718500157,514625.1976943767,23,28
male,hispanic,427715.52932280104,489781.6288435519,21,26
male,hispanic,429756.5813517032,492118.85935948126,21,26
male,hispanic,449759.9414766835,515024.9210586414,23,28
male,hispanic,464175.3301096051,531532.136815394,24,30
male,hispanic,484356.68155848066,554642.0182839122,26,32
male,hispanic,430286.0290919343,492725.1356314897,21,26
male,hispanic,510540.7717813801,584625.7001470963,28,34
male,hispanic,432765.8273952243,495564.7792004568,22,27
male,hispanic,386615.59219486354,442717.6511017091,18,22
male,hispanic,382325.2729600337,437804.76064290165,17,22
male,hispanic,430027.0705520829,492428.5994368554,21,26
male,hispanic,473240.2906951863,541912.5201698123,25,30
male,hispanic,491538.7400866523,562866.2703468362,26,32
male,hispanic,437691.7659540044,501205.52414774103,22,27
male,hispanic,487183.96643966675,557879.5724510582,26,32
male,hispanic,408850.11942547595,468178.64612524223,20,24
male,hispanic,498394.1439225368,570716.4666266767,27,33
male,hispanic,432474.9315395843,495231.6712438091,22,27
male,hispanic,387594.7432089472,443838.88740407344,18,22
male,hispanic,444177.5070921699,508632.4157173265,23,28
male,hispanic,444580.9846009814,509094.44212955504,23,28
male,hispanic,480013.99749278394,549669.164297017,25,31
male,hispanic,486835.9335932166,557481.0363149134,26,32
male,hispanic,427243.59578166716,489241.212696286,21,26
male,hispanic,459762.5140107025,526478.9738869179,24,29
male,hispanic,399614.14811582235,457602.43656101,19,24
male,hispanic,442291.1035004259,506472.27478140226,22,28
male,hispanic,410506.1086897215,470074.937149498,20,25
male,hispanic,439739.8309062943,503550.7852372743,22,27
male,hispanic,466236.6012085996,533892.5204048142,24,30
male,hispanic,448234.7438044199,513278.4008857302,23,28
male,hispanic,428770.18827935297,490989.3300987116,21,26
male,hispanic,450687.2544038739,516086.797013078,23,28
male,hispanic,393495.41654915136,450595.81157845334,18,23
male,hispanic,443241.47462762846,507560.55492737715,22,28
male,hispanic,467655.3470033336,535517.1413938159,24,30
male,hispanic,521554.8552108048,597238.044924064,29,35
male,hispanic,480894.48413449805,550677.4189709508,25,31
male,hispanic,367334.9536101562,420639.18557086133,16,21
male,hispanic,495062.13433155016,566900.9467941851,27,33
male,hispanic,504034.0079799936,577174.7353009306,27,33
male,hispanic,411102.2082377558,470757.5371197431,20,25
female,white,387523.827287547,432661.1652414978,18,22
female,white,458514.8545614113,511920.96404403745,24,28
female,white,433119.30097903195,483567.4305805268,22,26
female,white,298003.57946710766,332713.93101386045,11,13
female,white,439406.84459135507,490587.3239503245,22,26
female,white,474762.1428609785,530060.6762184047,25,30
female,white,323016.2179914616,360639.94889374,13,16
female,white,323060.2747515233,360689.1372217931,13,16
female,white,373995.859074602,417557.5094706239,17,20
female,white,428679.7712691727,478610.80091768375,21,25
female,white,333673.9673625079,372539.0733785607,13,17
female,white,406395.72801982885,453731.1949692242,19,23
female,white,444374.48029338516,496133.5714323943,23,27
female,white,419725.7767914015,468613.87837634067,21,24
female,white,400308.2809953987,446934.70469565585,19,23
female,white,448483.6311837339,500721.3409763099,23,27
female,white,399689.9624613434,446244.3667122928,19,23
female,white,322906.2324060257,360517.15259528375,13,16
female,white,381224.54239183606,425628.1630071755,17,21
female,white,354186.3695235512,395440.68405633187,15,19
female,white,408283.4799318959,455838.8252217397,20,23
female,white,365048.5400104065,407568.0398702686,16,20
female,white,324622.73085832334,362433.58242026914,13,16
female,white,416461.4850414894,464969.3740316899,20,24
female,white,359267.26008187333,401113.3779002565,16,19
female,white,355847.2527905598,397295.02084554004,15,19
female,white,398561.6896432983,444984.6768615227,19,23
female,white,445829.94111317006,497758.558929703,23,27
female,white,461874.65541209193,515672.10203524085,24,28
female,white,412489.64672422287,460534.9107200333,20,24
female,white,417801.7830086382,466465.78493446286,20,24
female,white,454551.900943347,507496.42028839,23,28
female,white,348742.3979638464,389362.6188827658,15,18
female,white,409781.7580080256,457511.61717058945,20,24
female,white,503121.8089379982,561723.5710051,27,32
female,white,369403.67123376764,412430.440623967,16,20
female,white,362461.8047891792,404680.0113254921,16,19
female,white,371035.4324776742,414252.26336484496,17,20
female,white,413222.8309537694,461353.49352902506,20,24
female,white,460798.468984729,514470.5654047347,24,28
female,white,354866.9261216473,396200.50936257443,15,19
female,white,403366.3497647792,450348.96597194904,19,23
female,white,316360.8200377613,353209.3548733697,12,15
female,white,354057.13981135655,395296.4021466147,15,19
female,white,416353.72581234155,464849.0634072439,20,24
female,white,423047.4071324833,472322.39989857364,21,25
female,white,433089.15605405293,483533.7744865034,22,26
female,white,340451.7282409343,380106.28270324646,14,17
female,white,405015.82340851496,452190.5641872874,19,23
female,white,402798.19778279,449714.6377545532,19,23
female,white,390367.214999574,435835.7402071969,18,22
female,white,381938.79853577644,426425.61305736,17,21
female,white,425486.83506674296,475045.96335000574,21,25
female,white,385445.5831741094,430340.8549625921,18,21
female,white,383071.0051911604,427689.69494425034,18,21
female,white,384331.5810543374,429097.0980080954,18,21
female,white,403313.7690645669,450290.26086681435,19,23
female,white,363986.2521746452,406382.0206877595,16,19
female,white,461141.1863527,514853.2012204798,24,28
female,white,443601.76705493126,495270.8554221632,22,27
female,white,390274.88417391956,435732.6550294545,18,22
female,white,323678.4075825843,361379.2678721659,13,16
female,white,402570.592085433,449460.5213898296,19,23
female,white,453536.2561855174,506362.4769965162,23,28
female,white,464099.453073923,518156.03587624343,24,29
female,white,337284.97318454925,376570.6757643902,14,17
female,white,327476.8123308058,365620.0967159751,13,16
female,white,384366.1938527511,429135.7423768785,18,21
female,white,359982.47598286753,401911.8994964364,16,19
female,white,356746.1729149034,398298.64385158796,15,19
female,white,389600.86013871443,434980.12317479716,18,22
female,white,441899.6254267464,493370.45465090935,22,27
female,white,426297.8718469455,475951.4666859742,21,25
female,white,365851.59794556315,408464.63501491625,16,20
female,white,284463.4607851779,317596.7095324443,9,12
female,white,392981.5340940732,438754.56549248664,18,22
female,white,366968.8274497763,409711.99526762235,16,20
female,white,405528.9366381907,452763.4429426564,19,23
female,white,372715.7347385467,416128.2810002911,17,20
female,white,377190.4209018691,421124.16200989025,17,21
female,white,344808.7328037486,384970.7749960287,14,18
female,white,313191.1889759548,349670.5369426485,12,15
female,white,337630.15416497627,376956.06214503193,14,17
female,white,376385.1182345191,420225.0606749698,17,21
female,white,417898.4901215211,466573.75613313715,20,24
female,white,350308.9590391532,391111.6471812536,15,18
female,white,431464.76175790845,481720.1767681364,21,26
female,white,382146.2925900553,426657.2752494202,17,21
female,white,370414.9342444958,413559.49179909023,16,20
female,white,315571.41523244424,352328.00312448153,12,15
female,white,402735.5759299974,449644.7219406315,19,23
female,white,349297.91969512287,389982.84572469554,15,18
female,white,382887.467001057,427484.7789065649,17,21
female,white,400090.9717471271,446692.0840722143,19,23
female,white,388909.1891928354,434207.8889627686,18,22
female,white,374158.4095503072,417738.99322278803,17,20
female,white,353650.0130471406,394841.85476706485,15,18
female,white,363685.3482973368,406046.06864296994,16,19
female,white,407533.2982499224,455001.2651601112,20,23
female,white,396739.33682269714,442950.06314406125,19,22
female,white,388218.7687806622,433437.05094197317,18,22
female,white,377826.27448258904,421834.0774571104,17,21
female,white,414502.1800730689,462781.8564882298,20,24
female,white,421826.1349092066,470958.8784168148,21,25
female,white,483664.3530047468,539999.7827786047,26,30
female,white,384970.4802318495,429810.41379192483,18,21
female,white,408215.37104834564,455762.78326807084,20,23
female,white,358597.24813500105,400365.3254470989,16,19
female,white,444280.5651460414,496028.71739704895,23,27
female,white,373019.33638152643,416467.24503649055,17,20
female,white,377105.0069813597,421028.7993927472,17,21
female,white,347467.83088716253,387939.5949607625,15,18
female,white,353484.015416311,394656.52234793396,15,18
female,white,426830.69055496843,476546.3461407145,21,25
female,white,364293.3609776745,406724.9003850019,16,19
female,white,316534.24219514016,353402.97660036234,12,15
female,white,387585.26650397596,432729.7606699589,18,22
female,white,409180.6457642297,456840.4896023518,20,24
female,white,423969.0622628431,473351.40599980723,21,25
female,white,350564.7189495379,391397.1970573055,15,18
female,white,451830.41807126784,504457.9491862122,23,27
female,white,401130.4292935177,447852.6137779315,19,23
female,white,416854.87163033953,465408.58083121385,20,24
female,white,349290.7067812832,389974.7926774068,15,18
female,white,342348.6003730437,382224.0954652049,14,17
female,white,462220.1901160615,516057.8833398312,24,28
female,white,356548.3792273511,398077.811888989,15,19
female,white,437290.9351762664,488224.9612551439,22,26
female,white,380894.83603731624,425260.0536794664,17,21
female,white,383403.91372600733,428061.37943037314,18,21
female,white,348851.31305025856,389484.2199944427,15,18
female,white,460743.3101283764,514408.9818493958,24,28
female,white,410513.68734807,458328.7989252047,20,24
female,white,361042.07382874377,403094.9153690166,16,19
female,white,367644.7723405766,410466.6717120096,16,20
female,white,449726.2578588794,502108.7041972808,23,27
female,white,361293.47061554383,403375.5939210329,16,19
female,white,430820.7049443998,481001.1026060009,21,26
female,white,428570.5660559706,478488.87588632456,21,25
female,white,387884.984269096,433064.3884486121,18,22
female,white,343144.1032294614,383112.25554356637,14,18
female,white,360220.26972109615,402177.39056724164,16,19
female,white,385378.3568905872,430265.79841092875,18,21
female,white,435335.2525908846,486041.4880164623,22,26
female,white,363780.8227296911,406152.66358305997,16,19
female,white,412690.84931554116,460759.5486428642,20,24
female,white,383001.9372022121,427612.5821721443,18,21
female,white,410087.16694210825,457852.5990044557,20,24
female,white,364176.67894919607,406594.62766665686,16,19
female,white,377873.3190759222,421886.60163017164,17,21
female,white,394915.98162727925,440914.33029888244,18,22
female,white,341951.1876367157,381780.3935674791,14,17
female,white,353626.173844859,394815.23886292864,15,18
female,white,339192.2704396053,378700.1279289461,14,17
female,white,409751.58266029746,457477.9271102879,20,24
female,white,419383.47805044585,468231.70994773286,20,24
female,white,314406.9203025926,351027.872144681,12,15
female,white,418645.5121592969,467407.7885269319,20,24
female,white,334759.9357415117,373751.5313261506,14,17
female,white,382893.9872608098,427492.058621988,17,21
female,white,425250.2628708732,474781.83610228216,21,25
female,white,333094.4128212452,371892.01447408303,13,17
female,white,368829.93543104036,411789.87820310565,16,20
female,white,430110.8167554865,480208.52927404287,21,25
female,white,337712.1856208268,377047.64832057926,14,17
female,white,444923.22858924285,496746.23589427245,23,27
female,white,383407.648253299,428065.5489415512,18,21
female,white,426380.6537121209,476043.89067574113,21,25
female,white,383452.904392588,428116.07634807524,18,21
female,white,414992.6750934147,463329.48254914436,20,24
female,white,433471.1664064812,483960.27998778515,22,26
female,white,407399.11734063935,454851.4553562343,19,23
female,white,347062.767799602,387487.35162727005,15,18
female,white,335257.58465956,374307.1445442358,14,17
female,white,453948.5467434287,506822.7896292968,23,28
female,white,424372.3801888039,473801.7009017501,21,25
female,white,359949.87178984086,401875.49768794526,16,19
female,white,412015.7214777309,460005.7844187686,20,24
female,white,372817.9233886834,416242.37220534566,17,20
female,white,435265.9637713537,485964.12869224674,22,26
female,white,442520.10636880196,494063.20691153535,22,27
female,white,377938.2171940389,421959.058840359,17,21
female,white,387772.4091144039,432938.7009574783,18,22
female,white,373612.4573814562,417129.4505704187,17,20
female,white,444084.8807361784,495810.2403929805,22,27
female,white,400055.8420474006,446652.86259537085,19,23
female,white,382280.2437192561,426806.82850928314,17,21
female,white,410331.3096780762,458125.1785807065,20,24
female,white,335938.032935495,375066.8489113538,14,17
female,white,337279.88957462914,376565.0000344434,14,17
female,white,349655.7131806831,390382.3136682845,15,18
female,white,400239.79028381564,446858.2364400413,19,23
female,white,361980.92585230723,404143.1213937855,16,19
female,white,329572.9104159534,367960.3405309895,13,16
female,white,432926.78666971944,483352.49291856214,22,26
female,white,398492.14926790656,444907.03668115265,19,23
female,white,422193.26924240123,471368.7751953225,21,25
female,white,322485.3685134533,360047.2680376219,13,16
female,white,394243.76277974265,440163.8138934573,18,22
female,white,443146.4208816438,494762.47221563425,22,27
female,white,431617.37388317665,481890.5645876692,21,26
female,white,383629.5279371808,428313.27234798955,18,21
female,white,384038.6579151617,428770.0562682131,18,21
female,white,464232.37299730716,518304.43781926134,24,29
female,white,413765.97527050634,461959.9012810814,20,24
female,white,403349.8132022423,450330.5032919471,19,23
female,white,440351.4254935284,491641.9261322335,22,26
female,white,391073.9393925953,436624.781236053,18,22
female,white,414176.3201981324,462418.0416637782,20,24
female,white,375460.08511006617,419192.2831234212,17,20
female,white,379665.5111783185,423887.54162084754,17,21
female,white,392777.25126273604,438526.488554705,18,22
female,white,417439.3941454637,466061.1863607207,20,24
female,white,387099.85699255136,432187.81245918106,18,22
female,white,384952.59762947104,429790.4482903536,18,21
female,white,450490.3176392902,502961.7588267743,23,27
female,white,390776.476465567,436292.67093066854,18,22
female,white,372560.4984479557,415954.9633623926,17,20
female,white,354654.61096109083,395963.46451966045,15,19
female,white,476650.8612552323,532169.385525367,25,30
female,white,390184.5466471431,435631.7953226496,18,22
female,white,330546.0893209634,369046.87170502666,13,16
female,white,404456.2258981303,451565.7868346173,19,23
female,white,479255.85487397824,535077.7991380788,25,30
female,white,359239.55930683704,401082.45064169494,16,19
female,white,308382.6897516296,344301.96156491915,11,14
female,white,461364.1170967419,515102.098110667,24,28
female,white,424044.1915360438,473435.28605207213,21,25
female,white,400740.1667098129,447416.8948560842,19,23
female,white,353981.8372443307,395212.3286159027,15,19
female,white,396526.2101868984,442712.1123082788,19,22
female,white,402018.50833408686,448844.13297097996,19,23
female,white,448590.6933562552,500840.873353559,23,27
female,white,392803.88380727364,438556.2231592417,18,22
female,white,326602.0488625945,364643.444043761,13,16
female,white,440338.0375838605,491626.97884850757,22,26
female,white,372923.71992661286,416360.49153158034,17,20
female,white,370783.4474764969,413970.92808542267,17,20
female,white,374486.6569314459,418105.4736413084,17,20
female,white,436454.86180313776,487291.5051567739,22,26
female,white,404247.2221511284,451332.43910642574,19,23
female,white,400726.9889831125,447402.18223665806,19,23
female,white,380017.4770671753,424280.5031908855,17,21
female,white,437683.6833159395,488663.455241299,22,26
female,white,355012.90322242794,396363.48933457874,15,19
female,white,387324.1006315959,432438.1751655109,18,22
female,white,432988.2472880565,483421.11224174616,22,26
female,white,377049.49481795955,420966.82137846644,17,21
female,white,426831.90344378084,476547.70030231675,21,25
female,white,371486.229776482,414755.567860868,17,20
female,white,389330.5134707424,434678.287529741,18,22
female,white,414772.8767452109,463084.0829046434,20,24
female,white,409469.92122522526,457163.45879602985,20,24
female,white,461714.83019883407,515493.660973985,24,28
female,white,423729.5173123811,473083.9597420634,21,25
female,white,400399.8599250875,447036.9503993795,19,23
female,white,370968.49375716655,414177.52787046944,17,20
female,white,420633.1151956993,469626.9001923658,21,25
female,white,413742.6074444406,461933.8116573142,20,24
female,white,375903.606455867,419687.4641904199,17,21
female,white,393196.22313672357,438994.26071847527,18,22
female,white,384913.32331510657,429746.5994495328,18,21
female,white,411296.62492587545,459202.9301679097,20,24
female,white,399409.54854882235,445931.2912273853,19,23
female,white,386395.128025242,431400.9992758223,18,21
female,white,445115.9932060026,496961.45301856735,23,27
female,white,382779.02362453734,427363.704447799,17,21
female,white,440359.28088841203,491650.69649437506,22,26
female,white,372448.82908513973,415830.2871664128,17,20
female,white,394677.83766201255,440648.4482078928,18,22
female,white,310708.1234074652,346898.25310721714,12,15
female,white,437038.7200226442,487943.3690159736,22,26
female,white,432730.93914597505,483133.83380171243,22,26
female,white,326936.77144088066,365017.15386637393,13,16
female,white,414171.15727236,462412.2773795627,20,24
female,white,323020.93182309024,360645.2117749916,13,16
female,white,389977.7852129193,435400.951083511,18,22
female,white,417832.4667734053,466500.0426303342,20,24
female,white,413581.6263161076,461754.08004428283,20,24
female,white,453608.38771920686,506443.0101436911,23,28
female,white,421741.9529556083,470864.8912615189,21,25
female,white,399453.4390224971,445980.29390063,19,23
female,white,342025.91348879674,381863.8232096287,14,17
female,white,374792.83005284023,418447.3086721897,17,20
female,white,338433.69399807346,377853.1953173048,14,17
female,white,419742.83216970885,468632.9203018495,21,24
female,white,310640.6578512779,346822.9294132963,12,15
female,white,354697.11892111076,396010.9236491881,15,19
female,white,344652.81828129553,384796.7001283366,14,18
female,white,404133.4491278062,451205.4142233671,19,23
female,white,415587.3606777067,463993.4349044176,20,24
female,white,328136.04738476244,366356.11702370516,13,16
female,white,397697.20042044774,444019.4951406587,19,22
female,white,377977.1941721653,422002.57571231964,17,21
female,white,323936.936263122,361667.90901444794,13,16
female,white,421598.1072705547,470704.2909646394,21,25
female,white,416604.57400213124,465129.129463705,20,24
female,white,458232.8251106229,511606.0848489577,24,28
female,white,362866.91072739183,405132.3025007217,16,19
female,white,400148.583661902,446756.40640912135,19,23
female,black,337042.8516289214,367163.2100810365,14,16
female,black,381295.94270340644,415371.0474417449,17,20
female,black,304709.9761975574,331940.8569673139,11,13
female,black,389554.7007699724,424367.86226320715,18,21
female,black,393104.05367111764,428234.4086047083,18,21
female,black,425594.98849981325,463628.9463395474,21,24
female,black,479318.67467620794,522153.733257825,25,29
female,black,364500.39836107724,397074.5431664445,16,19
female,black,399323.7082172684,435009.8922493639,19,22
female,black,372285.187613135,405555.0322133886,17,19
female,black,317164.5116486297,345508.41134262044,12,14
female,black,324777.71026758227,353801.9752927519,13,15
female,black,374835.3318477817,408333.0740523931,17,20
female,black,377135.31906598515,410838.6032042491,17,20
female,black,364184.05449819274,396729.9287424187,16,19
female,black,382426.5074106086,416602.64682174794,17,20
female,black,393524.89807522146,428692.86242329143,18,21
female,black,431858.61482558533,470452.3313702751,21,25
female,black,292197.18703878525,318309.8429511491,10,12
female,black,337227.5281428403,367364.390498747,14,16
female,black,392428.89717058185,427498.91569380474,18,21
female,black,393744.13305265,428931.68967533275,18,21
female,black,450763.6560381153,491046.85098331526,23,26
female,black,376194.8355044819,409814.07186705834,17,20
female,black,427452.3436779317,465652.2869508754,21,24
female,black,416778.25211891724,454024.2886041799,20,23
female,black,366570.76549956755,399329.93188316264,16,19
female,black,364156.0230196367,396699.3921871997,16,19
female,black,406699.6106352255,443044.9536545624,19,22
female,black,352652.50808587484,384167.8477563291,15,18
female,black,355711.49772583635,387500.20876142016,15,18
female,black,359009.48980393255,391092.9310291181,16,18
female,black,367083.6518304978,399888.6530984649,16,19
female,black,365284.1337012284,397928.3182337783,16,19
female,black,335223.03367948905,365180.76127119694,14,16
female,black,405765.85130436346,442027.74746933853,19,22
female,black,343319.5099671103,374000.79175023217,14,17
female,black,410381.91934785736,447056.3376103564,20,23
female,black,370500.0207113458,403610.33109593845,16,19
female,black,327099.5153413915,356331.2720868012,13,15
female,black,353581.0548133568,385179.37550576753,15,18
female,black,372762.9346968831,406075.47390805156,17,19
female,black,389433.861849038,424236.2243842295,18,21
female,black,359434.720527377,391556.16315728915,16,18
female,black,404121.3697535751,440236.3042680116,19,22
female,black,308816.1845242147,336414.0229851972,11,14
female,black,426910.54570063483,465062.0703549788,21,24
female,black,392648.67247392575,427738.33155882696,18,21
female,black,334467.09556884324,364357.26757600094,14,16
female,black,361209.88933021366,393489.97268012934,16,18
female,black,422927.8569033661,460723.4623812695,21,24
female,black,416116.5735125575,453303.47806042014,20,23
female,black,309125.8562803649,336751.369039297,11,14
female,black,428116.8399617533,466376.16697822424,21,24
female,black,413627.65078169364,450592.12888006796,20,23
female,black,328457.2913021754,357810.3878073183,13,15
female,black,410600.0173390514,447293.9262676206,20,23
female,black,440977.1677542731,480385.7779584761,22,25
female,black,371090.18644249183,404253.2379052066,17,19
female,black,401904.50591055024,437821.32694099285,19,22
female,black,352535.8068184143,384040.71729866095,15,18
female,black,341872.9048030241,372424.9084665526,14,17
female,black,339037.72463778144,369336.3580178558,14,16
female,black,313963.13387668045,342020.9374687491,12,14
female,black,372660.5018234299,405963.8869616051,17,19
female,black,309620.0082695476,337289.68168927415,12,14
female,black,384479.5461411093,418839.1585503553,18,20
female,black,397748.5378770693,433293.9543627219,19,22
female,black,328552.56158064137,357914.1720623406,13,15
female,black,366953.62461738643,399747.00580129446,16,19
female,black,413990.0893723757,450986.95735890657,20,23
female,black,343491.6805574874,374188.34863309993,14,17
female,black,339261.5486201859,369580.18437843735,14,16
female,black,416412.2932941882,453625.6253001057,20,23
female,black,341240.85290282057,371736.3722656067,14,17
female,black,410003.68124313303,446644.2976693389,20,23
female,black,389723.2534085806,424551.4778704213,18,21
female,black,332498.71308778075,362212.97753418196,13,16
female,black,346716.12430827064,377700.9498128656,15,17
female,black,342352.32205857703,372947.1695905205,14,17
female,black,366674.80283591227,399443.2666778215,16,19
female,black,357425.745516716,389367.6529713529,15,18
female,black,361853.9930049448,394191.637681171,16,18
female,black,366908.8964976055,399698.28048354835,16,19
female,black,353353.9941176896,384932.02317801013,15,18
female,black,366941.15542177146,399733.42227662686,16,19
female,black,511529.6680713934,557243.3121577103,28,32
female,black,394321.8691162678,429561.056020509,18,21
female,black,391587.7839222821,426582.6350523526,18,21
female,black,419246.7748786004,456713.41473821003,20,24
female,black,374958.7515305582,408467.52332700737,17,20
female,black,434100.60128388915,472894.67643414653,22,25
female,black,389170.8056925114,423949.6598052892,18,21
female,black,388943.419323939,423701.95270036114,18,21
female,black,460885.9917189141,502073.7849298977,24,27
female,black,344771.4204785989,375582.4545019332,14,17
female,black,384082.4211806428,418406.5439003679,18,20
female,black,409296.6458656087,445874.076976041,20,23
female,black,427917.8171898431,466159.3582268723,21,24
female,black,390662.2067277645,425574.34221280867,18,21
female,hispanic,331998.64481347066,376062.59325572144,13,17
female,hispanic,298937.164893088,338613.08534367406,11,14
female,hispanic,302780.13864418346,342966.11116841075,11,14
female,hispanic,284067.0315273342,321769.3391328253,9,13
female,hispanic,304580.3964451408,345005.30508601613,11,14
female,hispanic,334587.48976975563,378995.03820092446,14,17
female,hispanic,335400.6620922198,379916.137419632,14,17
female,hispanic,324044.65117266827,367052.9195054558,13,16
female,hispanic,257000.9532665718,291110.9622417892,7,10
female,hispanic,368126.93598840386,416985.9496651326,16,20
female,hispanic,368208.0925905161,417077.8776375112,16,20
female,hispanic,328683.7089422308,372307.68822918046,13,17
female,hispanic,385391.2981337126,436541.69454752037,18,22
female,hispanic,314947.5832231968,356748.458877239,12,15
female,hispanic,318092.89220003394,360311.2235719095,12,16
female,hispanic,352055.2204863164,398781.1433979898,15,19
female,hispanic,320656.88310327736,363215.5157526789,12,16
female,hispanic,328709.98527314607,372337.4520408695,13,17
female,hispanic,314167.6249742873,355864.9820128051,12,15
female,hispanic,293438.36141362996,332384.4626411615,10,13
female,hispanic,306718.0652609736,347426.6923144358,11,15
female,hispanic,263303.3173278354,298249.7967206229,8,11
female,hispanic,287681.9500739302,325864.0415187489,10,13
female,hispanic,315443.535143966,357310.23516267963,12,15
female,hispanic,265192.1944385649,300389.3717932904,8,11
female,hispanic,281912.21310405695,319328.52614484425,9,12
female,hispanic,299385.0607222162,339120.4273754616,11,14
female,hispanic,283960.7180379452,321648.9153686255,9,12
female,hispanic,290840.0232581338,329441.26452822896,10,13
female,hispanic,299438.98010149953,339181.5031115129,11,14
female,hispanic,324292.19322061096,367333.31614545255,13,16
female,hispanic,327915.1186648885,371437.0881307648,13,17
female,hispanic,287884.03334692336,326092.9459461694,10,13
female,hispanic,297901.0696939248,337439.4761933234,11,14
female,hispanic,268856.6342736273,304540.1680954181,8,11
female,hispanic,288060.7384698957,326293.1039523079,10,13
female,hispanic,343893.4126735614,389536.07369764836,14,18
female,hispanic,304372.5280529275,344769.8477193888,11,14
female,hispanic,267928.22768199083,303488.5403375919,8,11
female,hispanic,252655.6038016763,286188.8837517126,7,10
female,hispanic,348328.30683524604,394559.5815502024,15,18
female,hispanic,326594.8399367,369941.57768185355,13,16
female,hispanic,318323.340219392,360572.25740781304,12,16
female,hispanic,333755.8561672291,378053.027460548,13,17
female,hispanic,308271.06202690955,349185.80790192186,11,15
female,hispanic,297589.7990160894,337086.89265077,11,14
female,hispanic,304144.70751776086,344511.7900959915,11,14
female,hispanic,387448.5296625531,438871.968588542,18,22
female,hispanic,252029.1163449369,285479.24682606803,7,10
female,hispanic,347827.59336026845,393992.41174147034,15,18
female,hispanic,284119.6233448029,321828.9111087062,9,13
female,hispanic,332353.74081479636,376464.81876235956,13,17
female,hispanic,312584.4543775533,354071.68782478676,12,15
female,hispanic,338859.38626866473,383833.9148065876,14,18
female,hispanic,339131.06057218794,384141.64661423187,14,18
female,hispanic,309082.1282372032,350104.52147834765,11,15
female,hispanic,331006.7254634975,374939.02311807516,13,17
female,hispanic,341893.73324609513,387270.990261553,14,18
female,hispanic,289576.349429274,328009.871766438,10,13
female,hispanic,298276.74560634576,337865.013044319,11,14
female,hispanic,387197.66144063376,438587.80431385513,18,22
female,hispanic,314932.21885837277,356731.0553035506,12,15
female,hispanic,332775.7801283599,376942.8725170782,13,17
female,hispanic,279579.0140539253,316685.6572684749,9,12
female,hispanic,295031.79665520525,334189.3838313325,10,14
female,hispanic,328546.983395398,372152.81601958117,13,17
female,hispanic,342412.22137157246,387858.293830665,14,18
female,hispanic,288353.6374730966,326624.8774713463,10,13
female,hispanic,280046.437221254,317215.1183708002,9,12
female,hispanic,285874.248594916,323816.41597373434,10,13
female,hispanic,371577.3010220776,420894.258456487,17,21
female,hispanic,308321.996192703,349243.50221716333,11,15
female,hispanic,356461.93075775326,403772.72670199466,15,19
female,hispanic,336024.7857162183,380623.0967769056,14,17
female,hispanic,237843.95507664984,269411.3844548232,6,8
female,hispanic,368602.4604906102,417524.58733805694,16,20
female,hispanic,269843.2045421195,305657.67920395476,8,11
female,hispanic,332320.02982587245,376426.63354047993,13,17
female,hispanic,263207.8792852932,298141.69182822545,8,11
female,hispanic,320079.2050947675,362561.16642523184,12,16
female,hispanic,358333.91304877994,405893.1646191067,15,19
female,hispanic,384904.0315408988,435989.75633523223,18,22
female,hispanic,311447.0600692396,352783.33481545723,12,15
female,hispanic,286781.1969059071,324843.7374375669,10,13
female,hispanic,305329.5445892343,345853.8826275263,11,14
female,hispanic,287241.5226589289,325365.15913349285,10,13
female,hispanic,286176.35535096127,324158.61932875786,10,13
female,hispanic,331109.0554666529,375054.9346946905,13,17
female,hispanic,307592.8455385082,348417.5762979637,11,15
female,hispanic,310650.5636514697,351881.12478217913,12,15
female,hispanic,350185.89347492164,396663.71317792655,15,19
female,hispanic,319296.0947351064,361674.1190915747,12,16
female,hispanic,312448.0906720769,353917.22548131476,12,15
female,hispanic,320818.6002597162,363398.69654023455,12,16
female,hispanic,293488.23602956237,332440.9567796111,10,13
female,hispanic,285505.39146074926,323398.602911595,10,13
female,hispanic,341277.681460823,386573.17406390124,14,18
female,hispanic,302312.52943184564,342436.4393285729,11,14
female,hispanic,258090.57519459378,292345.2023639152,7,10
female,hispanic,302677.48268548993,342849.83037436975,11,14
